{"pmt_pulse_time_rounding": 1.0, "maximum_recombination_time": 50.0, "singlet_lifetime_liquid": 3.1, "triplet_lifetime_liquid": 24.0, "s1_ER_primary_singlet_fraction": 0.1452991452991453, "s1_NR_singlet_fraction": 0.8863636363636364, "electron_trapping_time": 140.0, "gas_drift_velocity_slope": 5400000000000.0, "lxe_dielectric_constant": 1.874, "singlet_lifetime_gas": 5.88, "triplet_lifetime_gas": 119.5, "singlet_fraction_gas": 0.035, "p_double_pe_emision": 0.15, "pmt_transit_time_spread": 13.6, "pressure": 1.210852812592475e+18, "temperature": 177.45, "anode_voltage": 8000, "pe_pulse_ts": [-12, -11, -10, -9, -8, -7, -6, -5, -4, -3, -2, -1, 0, 1, 2, 3, 4, 5, 6, 7, 8, 9, 10, 11, 12, 13, 14, 15, 16, 17, 18, 19, 20, 21, 22, 23, 24, 25, 26, 27, 28, 29, 30, 31, 32, 33, 34, 35, 36, 37, 38, 39, 40, 41, 42, 43, 44, 45, 46, 47, 48, 49, 50, 51, 52, 53, 54, 55, 56, 57, 58, 59, 60, 61, 62, 63, 64, 65, 66, 67, 68, 69, 70, 71, 72, 73, 74, 75, 76, 77, 78, 79, 80, 81, 82, 83, 84, 85, 86, 87, 88, 89, 90, 91, 92, 93, 94, 95, 96, 97, 98, 99, 100, 101, 102, 103, 104, 105, 106, 107, 108, 109, 110, 111, 112, 113, 114, 115, 116, 117, 118, 119, 120, 121, 122, 123, 124, 125, 126, 127, 128, 129, 130, 131, 132, 133, 134, 135, 136, 137, 138, 139, 140, 141, 142, 143, 144, 145, 146, 147, 148, 149, 150, 151, 152, 153, 154, 155, 156, 157, 158, 159, 160, 161, 162, 163, 164, 165, 166, 167, 168, 169, 170, 171, 172, 173, 174, 175, 176, 177, 178, 179, 180, 181, 182, 183, 184, 185, 186, 187, 188, 189, 190, 191, 192, 193, 194, 195, 196], "pe_pulse_ys": [1.18008086046e-13, 2.01510001127e-11, 1.79965780012e-09, 8.48007314484e-08, 2.14369872461e-06, 3.0103039879e-05, 0.000252465494218, 0.00142372973015, 0.00594658692409, 0.0181027762995, 0.0378550569464, 0.0548947436835, 0.0607148468144, 0.0584407043053, 0.0538666257444, 0.049285064956, 0.0450635550292, 0.0412023916068, 0.0376720355609, 0.0344441716911, 0.0314928818088, 0.0287944681474, 0.0263272634409, 0.0240714569457, 0.0220089353681, 0.0201231374208, 0.0183989208421, 0.016822440809, 0.0153810387686, 0.0137867416949, 0.0123374131303, 0.00632022273936, 0.00594109035522, 0.00556195797109, 0.00518282558696, 0.00480369320282, 0.00442456081869, 0.00404542843455, 0.00366629605042, 0.00330303609974, 0.00295564858253, 0.00289396486761, 0.0028322811527, 0.00277059743778, 0.00270891372286, 0.00264723000794, 0.00258554629303, 0.00252386257811, 0.00246217886319, 0.00240161621109, 0.0023421746218, 0.00230291216317, 0.00226364970454, 0.00222438724591, 0.00218512478727, 0.00214586232864, 0.00210659987001, 0.00206733741138, 0.00202807495275, 0.00198974698459, 0.0019523535069, 0.00193178085771, 0.00191120820851, 0.00189063555931, 0.00187006291012, 0.00184949026092, 0.00182891761173, 0.00180834496253, 0.00178777231334, 0.00176727799968, 0.00174686202156, 0.00172785608315, 0.00170885014474, 0.00168984420633, 0.00167083826791, 0.0016518323295, 0.00163282639109, 0.00161382045268, 0.00159481451426, 0.00157618468749, 0.00155793097236, 0.00154644726676, 0.00153496356117, 0.00152347985557, 0.00151199614997, 0.00150051244438, 0.00148902873878, 0.00147754503318, 0.00146606132759, 0.00145456952089, 0.00144306961308, 0.00143142388541, 0.00141977815774, 0.00140813243006, 0.00139648670239, 0.00138484097471, 0.00137319524704, 0.00136154951937, 0.00134990379169, 0.00133936312617, 0.0013299275228, 0.00134038303817, 0.00135083855354, 0.00136129406891, 0.00137174958428, 0.00138220509965, 0.00139266061502, 0.00140311613039, 0.00141357164576, 0.0014245434863, 0.00143603165202, 0.00145681367089, 0.00147759568976, 0.00149837770863, 0.0015191597275, 0.00153994174637, 0.00156072376524, 0.0015815057841, 0.00160228780297, 0.00162151412482, 0.00163918474964, 0.001628852828, 0.00161852090637, 0.00160818898473, 0.0015978570631, 0.00158752514146, 0.00157719321983, 0.00156686129819, 0.00155652937656, 0.00154540666555, 0.00153349316516, 0.00150734545599, 0.00148119774682, 0.00145505003766, 0.00142890232849, 0.00140275461932, 0.00137660691016, 0.00135045920099, 0.00132431149182, 0.00129884549887, 0.00127406122213, 0.00126154783725, 0.00124903445237, 0.00123652106748, 0.0012240076826, 0.00121149429772, 0.00119898091283, 0.00118646752795, 0.00117395414307, 0.0011621578489, 0.00115107864546, 0.00115290707493, 0.0011547355044, 0.00115656393387, 0.00115839236335, 0.00116022079282, 0.00116204922229, 0.00116387765176, 0.00116570608124, 0.0011670716643, 0.00116797440097, 0.00116054590234, 0.00115311740372, 0.0011456889051, 0.00113826040648, 0.00113083190786, 0.00112340340924, 0.00111597491062, 0.001108546412, 0.00109849237286, 0.0010858127932, 0.00102587348421, 0.000965934175218, 0.000905994866227, 0.000846055557235, 0.000786116248244, 0.000726176939252, 0.000666237630261, 0.000606298321269, 0.000548218272083, 0.000491997482703, 0.000469243369824, 0.000446489256945, 0.000423735144066, 0.000400981031187, 0.000378226918308, 0.000355472805429, 0.00033271869255, 0.000309964579671, 0.000287844335944, 0.000266357961371, 0.000256281231553, 0.000246204501734, 0.000236127771915, 0.000226051042096, 0.000215974312277, 0.000205897582458, 0.000195820852639, 0.00018574412282, 0.000176132715964, 0.000166986632072, 0.000166216361511, 0.00016544609095, 0.00016467582039, 0.000163905549829, 0.000163135279268, 0.000162365008708, 0.000161594738147, 0.000160824467586], "samples_before_pulse_center": 2, "samples_after_pulse_center": 20, "pmt_transit_time_mean": 46.0, "led_pulse_length": 100.0, "drift_field": 200, "diffusion_constant_liquid": 2.935e-08, "electron_extraction_yield": 1, "gate_to_anode_distance": 0.8, "elr_gas_gap_length": 0.266, "s2_secondary_sc_gain": 21.3, "anode_field_domination_distance": 0.036, "anode_wire_radius": 0.011749999999999998, "s2_mean_area_fraction_top": 0.627, "channels_bottom": [253, 254, 255, 256, 257, 258, 259, 260, 261, 262, 263, 264, 265, 266, 267, 268, 269, 270, 271, 272, 273, 274, 275, 276, 277, 278, 279, 280, 281, 282, 283, 284, 285, 286, 287, 288, 289, 290, 291, 292, 293, 294, 295, 296, 297, 298, 299, 300, 301, 302, 303, 304, 305, 306, 307, 308, 309, 310, 311, 312, 313, 314, 315, 316, 317, 318, 319, 320, 321, 322, 323, 324, 325, 326, 327, 328, 329, 330, 331, 332, 333, 334, 335, 336, 337, 338, 339, 340, 341, 342, 343, 344, 345, 346, 347, 348, 349, 350, 351, 352, 353, 354, 355, 356, 357, 358, 359, 360, 361, 362, 363, 364, 365, 366, 367, 368, 369, 370, 371, 372, 373, 374, 375, 376, 377, 378, 379, 380, 381, 382, 383, 384, 385, 386, 387, 388, 389, 390, 391, 392, 393, 394, 395, 396, 397, 398, 399, 400, 401, 402, 403, 404, 405, 406, 407, 408, 409, 410, 411, 412, 413, 414, 415, 416, 417, 418, 419, 420, 421, 422, 423, 424, 425, 426, 427, 428, 429, 430, 431, 432, 433, 434, 435, 436, 437, 438, 439, 440, 441, 442, 443, 444, 445, 446, 447, 448, 449, 450, 451, 452, 453, 454, 455, 456, 457, 458, 459, 460, 461, 462, 463, 464, 465, 466, 467, 468, 469, 470, 471, 472, 473, 474, 475, 476, 477, 478, 479, 480, 481, 482, 483, 484, 485, 486, 487, 488, 489, 490, 491, 492, 493], "sample_duration": 10, "digitizer_voltage_range": 2.25, "digitizer_bits": 14, "pmt_circuit_load_resistor": 8.010882825e-09, "external_amplification": 10, "digitizer_reference_baseline": 16000, "electron_lifetime_liquid": 1000000.0, "drift_velocity_liquid": 0.0001335, "drift_time_gate": 1700.0, "channels_in_detector": 494}